sampling_data,10
Ct
0,1,2,3,4,5,6,7,8,9,10,11,12,13,14,15,16,17,18,19,20,21,22,23,24,25,26,27,28,29,30,31,32,33,34,35,36,37,38,39,40,41,42,43,44,45,46,47,48,49,50,51,52,53,54,55,56,57,58,59,60,61,62,63,64,65,66,67,68,69,70,71,72,73,74,75,76,77,78,79,80,81,82,83,84,85,86,87,88,89,90,91,92,93,94,95,96,97,98,99,100,101,102,103,104,105,106,107,108,109,110,111,112,113,114,115,116,117,118,119,120,121,122,123,124,125,126,127,128,129,130,131,132,133,134,135,136,137,138,139,140,141,142,143,144,145,146,147,148,149,
0,0,0,0,0,0,0,0,0,0,0,0,0,0,0,1,1,1,1,1,1,1,1,1,1,1,1,1,1,1,2,2,2,2,2,2,2,2,2,2,2,2,2,2,2,3,3,3,3,3,3,3,3,3,3,3,3,3,3,3,4,4,4,4,4,4,4,4,4,4,4,4,4,4,4,5,5,5,5,5,5,5,5,5,5,5,5,5,5,5,6,6,6,6,6,6,6,6,6,6,6,6,6,6,6,9,7,7,7,7,7,9,7,7,7,7,9,7,8,7,8,8,8,8,8,8,8,8,8,8,8,8,8,8,8,9,9,9,9,9,9,9,9,9,9,8,9,9,9,9,
It
0,1,2,3,4,5,6,7,8,9,10,11,12,13,14,15,16,17,18,19,20,21,22,23,24,25,26,27,28,29,30,31,32,33,34,35,36,37,38,39,40,41,42,43,44,45,46,47,48,49,50,51,52,53,54,55,56,57,58,59,60,61,62,63,64,65,66,67,68,69,70,71,72,73,74,75,76,77,78,79,80,81,82,83,84,85,86,87,88,89,90,91,92,93,94,95,96,97,98,99,100,101,102,103,104,105,106,107,108,109,110,111,112,113,114,115,116,117,118,119,120,121,122,123,124,125,126,127,128,129,130,131,132,133,134,135,136,137,138,139,140,141,142,143,144,145,146,147,148,149,
0,0,0,0,0,0,0,0,0,0,0,0,0,0,0,1,1,1,1,1,1,1,1,1,1,1,1,1,1,1,2,2,2,2,2,2,2,2,2,2,2,2,2,2,2,3,3,3,3,3,3,3,3,3,3,3,3,3,3,3,4,4,4,4,4,4,4,4,4,4,4,4,4,0,4,5,5,5,5,5,5,5,5,5,5,5,5,5,5,5,6,6,6,6,6,6,6,6,6,6,6,6,6,6,6,7,7,7,7,7,7,7,7,7,7,7,7,7,7,7,8,8,8,8,8,8,8,8,8,8,8,8,8,8,8,9,9,9,9,9,9,9,9,9,9,1,9,9,9,9,
Position distribution
Myu0,array([-5.22208897]),array([-0.13841703])
Myu1,array([-4.4269581]),array([3.31087342])
Myu2,array([-0.72465205]),array([3.64421838])
Myu3,array([2.26876561]),array([4.0055761])
Myu4,array([2.50446731]),array([0.05023623])
Myu5,array([0.29397397]),array([-0.39145948])
Myu6,array([2.4185178]),array([-1.46115087])
Myu7,array([1.99949788]),array([-4.29067554])
Myu8,array([-1.52063284]),array([-3.90730728])
Myu9,array([-5.05067006]),array([-3.98935117])
Sig0
array([[0.33708013, 0.12196403],
       [0.12196403, 0.34787435]])
Sig1
array([[0.44027984, 0.07632005],
       [0.07632005, 0.62464772]])
Sig2
array([[0.71200251, 0.05841239],
       [0.05841239, 0.79556766]])
Sig3
array([[ 0.20618634, -0.01539872],
       [-0.01539872,  0.78583264]])
Sig4
array([[0.22596832, 0.03915933],
       [0.03915933, 0.24240461]])
Sig5
array([[ 0.23070239, -0.00558666],
       [-0.00558666,  0.22996184]])
Sig6
array([[0.19619686, 0.00989684],
       [0.00989684, 1.05263718]])
Sig7
array([[0.46359732, 0.28331221],
       [0.28331221, 0.62416763]])
Sig8
array([[ 0.46429068, -0.27950532],
       [-0.27950532,  0.56092886]])
Sig9
array([[0.38692128, 0.03519928],
       [0.03519928, 0.20362165]])
,玄関,リビング,ダイニング,キッチン,風呂,洗面所,トイレ,寝室,
W0,0.9950843372528078,0.0007569135486043358,0.0006677228063339379,0.0006638023052222653,0.0006810891141579745,0.0007792342113663445,0.0006318437693028679,0.0007350569922044959,
,玄関,リビング,ダイニング,キッチン,風呂,洗面所,トイレ,寝室,
W1,0.0006465690198001732,0.9954083211157218,0.0006449941761787106,0.0006892432155907321,0.0006177517422175399,0.0005907069732329996,0.0006732210085978719,0.0007291927486602486,
,玄関,リビング,ダイニング,キッチン,風呂,洗面所,トイレ,寝室,
W2,0.0006672226976024711,0.0005763443162812779,0.9955378207771103,0.0008004404433317924,0.000570590021222817,0.0006020023895451991,0.000635494810782172,0.0006100845441239368,
,玄関,リビング,ダイニング,キッチン,風呂,洗面所,トイレ,寝室,
W3,0.0007519951597137121,0.0005786905178071925,0.000576628895880553,0.9953903548547737,0.000651864237734314,0.000708295379410001,0.0006682839150734304,0.0006738870396071318,
,玄関,リビング,ダイニング,キッチン,風呂,洗面所,トイレ,寝室,
W4,0.0006541624970162356,0.0006734303187670232,0.0007170577585629222,0.0007393654622822996,0.9951720889878419,0.0006908367016377078,0.0007323278928511269,0.0006207303810407495,
,玄関,リビング,ダイニング,キッチン,風呂,洗面所,トイレ,寝室,
W5,0.0005576983142686874,0.0007608663469568992,0.000701751521017446,0.0006934359366293536,0.0007170407065004796,0.9951212264100152,0.0007040328816258105,0.0007439478829860802,
,玄関,リビング,ダイニング,キッチン,風呂,洗面所,トイレ,寝室,
W6,0.000731315081581182,0.0006431863216397997,0.0006209922312106244,0.0006708229155151662,0.0007264194147709667,0.0006939608225106272,0.9952731435127433,0.0006401597000283415,
,玄関,リビング,ダイニング,キッチン,風呂,洗面所,トイレ,寝室,
W7,0.0008591351243013685,0.0009216036314549946,0.0010137288829952826,0.0008224294730940673,0.0009642635425680424,0.0008405946237131519,0.0010595893076978335,0.9935186554141752,
,玄関,リビング,ダイニング,キッチン,風呂,洗面所,トイレ,寝室,
W8,0.0005789089469216627,0.0005255004574567776,0.0005135840411403343,0.0005898339844934633,0.0005820335865456865,0.0006479965017296258,0.000543251757238045,0.9960188907244745,
,玄関,リビング,ダイニング,キッチン,風呂,洗面所,トイレ,寝室,
W9,0.0006531102709861565,0.0007111747522897257,0.0008212534126225702,0.0007579799922888307,0.0007236448099107902,0.0006341660219235105,0.000730987666938728,0.9949676830730397,
,0,1,2,3,4,5,6,7,8,9,
phi_l0,0.9430553720565606,0.006801918348366438,0.00595724328908162,0.007151109256966817,0.0068308603579972415,0.006396281297450514,0.006187057078974825,0.005275708755487869,0.0067322698863386465,0.005612179672775489,
,0,1,2,3,4,5,6,7,8,9,
phi_l1,0.004869980340342718,0.9461557742053596,0.006324150944084373,0.0064141553437758346,0.0057966025798648225,0.006011770477440596,0.006824457343616617,0.006056731426730163,0.005767585452597742,0.0057787918861875774,
,0,1,2,3,4,5,6,7,8,9,
phi_l2,0.006238556667039701,0.005935568159700091,0.943067473794677,0.0066370310874927976,0.006718886359075738,0.00642854653286609,0.00526069593246525,0.006756435557989876,0.00598546860104956,0.006971337307643872,
,0,1,2,3,4,5,6,7,8,9,
phi_l3,0.0057711069885679036,0.006960839881071972,0.006470938071073408,0.9427619750715912,0.005985383772284523,0.006169699185894785,0.006960110074220315,0.006915256891333344,0.005683857839865243,0.0063208322240973685,
,0,1,2,3,4,5,6,7,8,9,
phi_l4,0.06854435192107335,0.006927233446002406,0.005932822662407275,0.006861105998360181,0.8792193107364581,0.006245360960076964,0.006395347343321601,0.007679665044937018,0.005896576459436212,0.006298225427926881,
,0,1,2,3,4,5,6,7,8,9,
phi_l5,0.006899536716673811,0.005523853100240971,0.006099144014568875,0.005999821955620762,0.004997014773668575,0.9442037230945418,0.006760078339312507,0.00672598992422215,0.0062761597328919805,0.00651467834825861,
,0,1,2,3,4,5,6,7,8,9,
phi_l6,0.006736964328437674,0.006534834502251854,0.0059897919674628455,0.005945299116840849,0.006380097605246119,0.006601423751255769,0.9415759653160459,0.006230197770021127,0.00765794446839063,0.0063474811740472535,
,0,1,2,3,4,5,6,7,8,9,
phi_l7,0.008509988731212762,0.009302632296293937,0.008814258387147379,0.009059560054837674,0.00850602052081723,0.008314336108257617,0.008162729158865187,0.9239119919583337,0.007634965314518644,0.007783517469715767,
,0,1,2,3,4,5,6,7,8,9,
phi_l8,0.0049491982155299204,0.053287191095063566,0.004500039233587253,0.0054732540286805,0.00564805185301077,0.005062706046562944,0.004567246170220959,0.10573115138474844,0.7551007856773757,0.05568037629521993,
,0,1,2,3,4,5,6,7,8,9,
phi_l9,0.005590097646677917,0.005281643519415359,0.0067098142866160865,0.005845694818865288,0.006006293497000863,0.006576299930323417,0.0064811831271968405,0.13752871504689146,0.006261227542374585,0.8137190305846382,
,0,1,2,3,4,5,6,7,8,9,
pi,0.09876412377358083,0.0992866804327672,0.10036569555053006,0.09991176661854659,0.10072125036818388,0.10152003405951016,0.10002354894977447,0.07407297947525153,0.12571541468576156,0.0996185060860937,
